BIOGUIDE_ID,OFFICE,QUARTER,PROGRAM,CATEGORY,DATE,TRANSCODE,RECORDID,PAYEE,START DATE,END DATE,PURPOSE,AMOUNT,YEAR,RECIP (orig.)
,OFFICE OF THE MINORITY LEADER,2017Q1,GENERAL EXPENDITURES,PRINTING AND REPRODUCTION,1/19/2017,AP,900647,CITI PCARD-FACEBK,11/29/2016,12/28/2016,ADVERTISEMENTS,550.99,2016,CITI PCARD-FACEBK
,REPUBLICAN CONFERENCE,2017Q1,GENERAL EXPENDITURES,PRINTING AND REPRODUCTION,3/21/2017,AP,912200,CITI PCARD-FACEBK,1/29/2017,2/28/2017,ADVERTISEMENTS,1156.25,2017,CITI PCARD-FACEBK
,REPUBLICAN CONFERENCE,2017Q1,GENERAL EXPENDITURES,PRINTING AND REPRODUCTION,1/19/2017,AP,900647,CITI PCARD-FACEBK,11/29/2016,12/28/2016,ADVERTISEMENTS,575.86,2016,CITI PCARD-FACEBK
,CHIEF ADMIN OFCR OF THE HOUSE,2017Q1,ADMIN AND OPS,PRINTING AND REPRODUCTION,2/27/2017,AP,904144,MONSTER WORLDWIDE INC,1/1/2017,1/31/2017,ADVERTISEMENTS,2450,2017,MONSTER WORLDWIDE INC
,CHIEF ADMIN OFCR OF THE HOUSE,2017Q1,ADMIN AND OPS,PRINTING AND REPRODUCTION,3/27/2017,AP,907590,MONSTER WORLDWIDE INC,2/1/2017,2/28/2017,ADVERTISEMENTS,1400,2017,MONSTER WORLDWIDE INC
,CHIEF ADMIN OFCR OF THE HOUSE,2017Q1,WOUNDED WARRIOR EXPENSES,PRINTING AND REPRODUCTION,1/31/2017,AP,901153,RVET OPERATING LLC,8/1/2016,8/31/2016,ADVERTISEMENTS,1000,2016,RVET OPERATING LLC
,CHIEF ADMIN OFCR OF THE HOUSE,2017Q1,WOUNDED WARRIOR EXPENSES,PRINTING AND REPRODUCTION,2/1/2017,AP,901154,RVET OPERATING LLC,9/8/2016,10/8/2016,ADVERTISEMENTS,1000,2016,RVET OPERATING LLC
,CHIEF ADMIN OFCR OF THE HOUSE,2017Q1,WOUNDED WARRIOR EXPENSES,PRINTING AND REPRODUCTION,2/16/2017,AP,902371,MONSTER WORLDWIDE INC,12/27/2016,1/27/2017,ADVERTISEMENTS,2450,2017,MONSTER WORLDWIDE INC
A000371,HON. PETE AGUILAR,2017Q1,OFFICIAL EXPENSES OF MEMBERS,PRINTING AND REPRODUCTION,3/21/2017,AP,912200,CITI PCARD-FACEBK,1/29/2017,2/28/2017,ADVERTISEMENTS,2250.64,2017,CITI PCARD-FACEBK
A000371,HON. PETE AGUILAR,2017Q1,OFFICIAL EXPENSES OF MEMBERS,PRINTING AND REPRODUCTION,1/19/2017,AP,900647,CITI PCARD-FACEBK,11/29/2016,12/28/2016,ADVERTISEMENTS,2466.71,2016,CITI PCARD-FACEBK
A000371,HON. PETE AGUILAR,2017Q1,OFFICIAL EXPENSES OF MEMBERS,PRINTING AND REPRODUCTION,2/17/2017,AP,904174,CITI PCARD-FACEBK,12/29/2016,1/2/2017,ADVERTISEMENTS,533.29,2017,CITI PCARD-FACEBK
B001291,HON. BRIAN BABIN,2017Q1,OFFICIAL EXPENSES OF MEMBERS,PRINTING AND REPRODUCTION,3/13/2017,AP,E0495010,MILSTEAD JAMES R.,2/24/2017,3/6/2017,ADVERTISEMENTS,1000,2017,MILSTEAD JAMES R.
B001291,HON. BRIAN BABIN,2017Q1,OFFICIAL EXPENSES OF MEMBERS,PRINTING AND REPRODUCTION,1/24/2017,AP,E0480130,BURNS WILLIAM S.,11/1/2016,12/31/2016,ADVERTISEMENTS,590.26,2016,BURNS WILLIAM S.
B001273,HON. DIANE BLACK,2017Q1,OFFICIAL EXPENSES OF MEMBERS,PRINTING AND REPRODUCTION,2/9/2017,AP,E0484233,FRANKING GRID LLC,12/5/2016,12/31/2016,ADVERTISEMENTS,5000,2016,FRANKING GRID LLC
B001294,HON. ROD BLUM,2017Q1,OFFICIAL EXPENSES OF MEMBERS,PRINTING AND REPRODUCTION,1/11/2017,AP,897062,HON ROD BLUM,7/6/2016,8/9/2016,ADVERTISEMENTS,2500,2016,HON ROD BLUM
B001294,HON. ROD BLUM,2017Q1,OFFICIAL EXPENSES OF MEMBERS,PRINTING AND REPRODUCTION,1/11/2017,AP,897062,HON ROD BLUM,7/7/2016,7/31/2016,ADVERTISEMENTS,1104.7,2016,HON ROD BLUM
B001294,HON. ROD BLUM,2017Q1,OFFICIAL EXPENSES OF MEMBERS,PRINTING AND REPRODUCTION,1/11/2017,AP,897062,HON ROD BLUM,7/12/2016,7/21/2016,ADVERTISEMENTS,2000,2016,HON ROD BLUM
B001294,HON. ROD BLUM,2017Q1,OFFICIAL EXPENSES OF MEMBERS,PRINTING AND REPRODUCTION,1/11/2017,AP,897062,HON ROD BLUM,7/14/2016,7/21/2016,ADVERTISEMENTS,1003,2016,HON ROD BLUM
B001294,HON. ROD BLUM,2017Q1,OFFICIAL EXPENSES OF MEMBERS,PRINTING AND REPRODUCTION,1/11/2017,AP,897062,HON ROD BLUM,7/15/2016,7/20/2016,ADVERTISEMENTS,748,2016,HON ROD BLUM
B001294,HON. ROD BLUM,2017Q1,OFFICIAL EXPENSES OF MEMBERS,PRINTING AND REPRODUCTION,1/11/2017,AP,897062,HON ROD BLUM,7/21/2016,8/7/2016,ADVERTISEMENTS,1500,2016,HON ROD BLUM
B001294,HON. ROD BLUM,2017Q1,OFFICIAL EXPENSES OF MEMBERS,PRINTING AND REPRODUCTION,1/11/2017,AP,897062,HON ROD BLUM,7/21/2016,8/9/2016,ADVERTISEMENTS,748,2016,HON ROD BLUM
B001294,HON. ROD BLUM,2017Q1,OFFICIAL EXPENSES OF MEMBERS,PRINTING AND REPRODUCTION,1/11/2017,AP,897062,HON ROD BLUM,7/22/2016,8/5/2016,ADVERTISEMENTS,620,2016,HON ROD BLUM
B001294,HON. ROD BLUM,2017Q1,OFFICIAL EXPENSES OF MEMBERS,PRINTING AND REPRODUCTION,1/11/2017,AP,897062,HON ROD BLUM,7/24/2016,8/7/2016,ADVERTISEMENTS,933.92,2016,HON ROD BLUM
B001294,HON. ROD BLUM,2017Q1,OFFICIAL EXPENSES OF MEMBERS,PRINTING AND REPRODUCTION,2/27/2017,AP,E0487771,HON ROD BLUM,2/21/2016,3/9/2016,ADVERTISEMENTS,683.14,2016,HON ROD BLUM
B001294,HON. ROD BLUM,2017Q1,OFFICIAL EXPENSES OF MEMBERS,PRINTING AND REPRODUCTION,2/27/2017,AP,E0487771,HON ROD BLUM,2/24/2016,2/24/2016,ADVERTISEMENTS,705.46,2016,HON ROD BLUM
B001294,HON. ROD BLUM,2017Q1,OFFICIAL EXPENSES OF MEMBERS,PRINTING AND REPRODUCTION,3/1/2017,AP,E0487770,HON ROD BLUM,7/13/2016,7/13/2016,ADVERTISEMENTS,539.7,2016,HON ROD BLUM
B001294,HON. ROD BLUM,2017Q1,OFFICIAL EXPENSES OF MEMBERS,PRINTING AND REPRODUCTION,3/1/2017,AP,E0487770,HON ROD BLUM,7/27/2016,8/3/2016,ADVERTISEMENTS,826.5,2016,HON ROD BLUM
B000755,HON. KEVIN BRADY,2017Q1,OFFICIAL EXPENSES OF MEMBERS,PRINTING AND REPRODUCTION,2/2/2017,AP,E0483955,KVST FM,11/15/2016,11/28/2016,ADVERTISEMENTS,1200,2016,KVST FM
B000755,HON. KEVIN BRADY,2017Q1,OFFICIAL EXPENSES OF MEMBERS,PRINTING AND REPRODUCTION,2/21/2017,AP,E0487977,HOUSTON CHRONICLE,11/1/2016,11/27/2016,ADVERTISEMENTS,1640,2016,HOUSTON CHRONICLE
B001284,HON. SUSAN W. BROOKS,2017Q1,OFFICIAL EXPENSES OF MEMBERS,PRINTING AND REPRODUCTION,3/6/2017,AP,E0490246,FRANKING GROUP ONLINE,12/17/2016,1/2/2017,ADVERTISEMENTS,10000,2017,FRANKING GROUP ONLINE
B001260,HON. VERN G. BUCHANAN,2017Q1,OFFICIAL EXPENSES OF MEMBERS,PRINTING AND REPRODUCTION,3/17/2017,AP,E0495018,FRANKING GROUP ONLINE,12/30/2016,1/2/2017,ADVERTISEMENTS,9000,2017,FRANKING GROUP ONLINE
B001297,HON. KEN BUCK,2017Q1,OFFICIAL EXPENSES OF MEMBERS,PRINTING AND REPRODUCTION,1/19/2017,AP,900647,CITI PCARD-FACEBK,11/29/2016,12/28/2016,ADVERTISEMENTS,976.49,2016,CITI PCARD-FACEBK
C001051,HON. JOHN R. CARTER,2017Q1,OFFICIAL EXPENSES OF MEMBERS,PRINTING AND REPRODUCTION,2/15/2017,AP,E0489050,FIDELIS PUBLISHING GROUP LLC,11/16/2016,11/16/2016,ADVERTISEMENTS,725,2016,FIDELIS PUBLISHING GROUP LLC
C001051,HON. JOHN R. CARTER,2017Q1,OFFICIAL EXPENSES OF MEMBERS,PRINTING AND REPRODUCTION,2/15/2017,AP,E0489067,FIDELIS PUBLISHING GROUP LLC,12/16/2016,12/16/2016,ADVERTISEMENTS,725,2016,FIDELIS PUBLISHING GROUP LLC
C001077,HON. MIKE COFFMAN,2017Q1,OFFICIAL EXPENSES OF MEMBERS,PRINTING AND REPRODUCTION,1/30/2017,AP,E0479938,LINCOLN STRATEGY GROUP,12/23/2016,12/31/2016,ADVERTISEMENTS,10000,2016,LINCOLN STRATEGY GROUP
C001108,HON. JAMES COMER,2017Q1,OFFICIAL EXPENSES OF MEMBERS,PRINTING AND REPRODUCTION,3/16/2017,AP,E0494747,FRANKING GROUP ONLINE,1/19/2017,1/23/2017,ADVERTISEMENTS,2500,2017,FRANKING GROUP ONLINE
C001108,HON. JAMES COMER,2017Q1,OFFICIAL EXPENSES OF MEMBERS,PRINTING AND REPRODUCTION,3/16/2017,AP,E0494750,FRANKING GROUP ONLINE,12/31/2016,1/3/2017,ADVERTISEMENTS,4000,2017,FRANKING GROUP ONLINE
C001105,HON. BARBARA COMSTOCK,2017Q1,OFFICIAL EXPENSES OF MEMBERS,PRINTING AND REPRODUCTION,2/28/2017,AP,E0490576,PURCELLVILLE GAZETTE,1/13/2017,1/13/2017,ADVERTISEMENTS,620,2017,PURCELLVILLE GAZETTE
C001105,HON. BARBARA COMSTOCK,2017Q1,OFFICIAL EXPENSES OF MEMBERS,PRINTING AND REPRODUCTION,3/15/2017,AP,E0495161,PURCELLVILLE GAZETTE,2/10/2017,2/24/2017,ADVERTISEMENTS,1050,2017,PURCELLVILLE GAZETTE
C001105,HON. BARBARA COMSTOCK,2017Q1,OFFICIAL EXPENSES OF MEMBERS,PRINTING AND REPRODUCTION,3/16/2017,AP,E0495164,LOCAL MEDIA CONNECTION LLC,3/1/2017,3/1/2017,ADVERTISEMENTS,2166,2017,LOCAL MEDIA CONNECTION LLC
C001105,HON. BARBARA COMSTOCK,2017Q1,OFFICIAL EXPENSES OF MEMBERS,PRINTING AND REPRODUCTION,2/13/2017,AP,E0481691,LOCAL MEDIA CONNECTION LLC,12/28/2016,12/28/2016,ADVERTISEMENTS,2244.56,2016,LOCAL MEDIA CONNECTION LLC
C001105,HON. BARBARA COMSTOCK,2017Q1,OFFICIAL EXPENSES OF MEMBERS,PRINTING AND REPRODUCTION,2/23/2017,AP,E0489453,PURCELLVILLE GAZETTE,12/23/2016,12/30/2016,ADVERTISEMENTS,1240,2016,PURCELLVILLE GAZETTE
C001105,HON. BARBARA COMSTOCK,2017Q1,OFFICIAL EXPENSES OF MEMBERS,PRINTING AND REPRODUCTION,3/8/2017,AP,E0493627,FRANKING GROUP ONLINE,12/9/2016,12/31/2016,ADVERTISEMENTS,23700,2016,FRANKING GROUP ONLINE
C001038,HON. JOSEPH CROWLEY,2017Q1,OFFICIAL EXPENSES OF MEMBERS,PRINTING AND REPRODUCTION,2/17/2017,AP,E0488740,BACKEMEYER COURTNEY G.,12/19/2016,12/29/2016,ADVERTISEMENTS,551.81,2016,BACKEMEYER COURTNEY G.
D000626,HON. WARREN DAVIDSON,2017Q1,OFFICIAL EXPENSES OF MEMBERS,PRINTING AND REPRODUCTION,3/21/2017,AP,912200,CITI PCARD-FACEBK,1/29/2017,2/28/2017,ADVERTISEMENTS,621.6,2017,CITI PCARD-FACEBK
D000626,HON. WARREN DAVIDSON,2017Q1,OFFICIAL EXPENSES OF MEMBERS,PRINTING AND REPRODUCTION,1/19/2017,AP,900647,CITI PCARD-FACEBK,11/29/2016,12/28/2016,ADVERTISEMENTS,5532.14,2016,CITI PCARD-FACEBK
D000626,HON. WARREN DAVIDSON,2017Q1,OFFICIAL EXPENSES OF MEMBERS,PRINTING AND REPRODUCTION,2/17/2017,AP,904174,CITI PCARD-FACEBK,12/29/2016,1/2/2017,ADVERTISEMENTS,2346.2,2017,CITI PCARD-FACEBK
D000617,HON. SUZAN K. DELBENE,2017Q1,OFFICIAL EXPENSES OF MEMBERS,PRINTING AND REPRODUCTION,2/16/2017,AP,E0485279,ONTARIO STREET DIGITAL LLC,12/1/2016,12/31/2016,ADVERTISEMENTS,10000,2016,ONTARIO STREET DIGITAL LLC
D000399,HON. LLOYD DOGGETT,2017Q1,OFFICIAL EXPENSES OF MEMBERS,PRINTING AND REPRODUCTION,1/23/2017,AP,E0478931,LA PRENSA PUBLICATION,11/21/2016,11/21/2016,ADVERTISEMENTS,942,2016,LA PRENSA PUBLICATION
D000399,HON. LLOYD DOGGETT,2017Q1,OFFICIAL EXPENSES OF MEMBERS,PRINTING AND REPRODUCTION,2/3/2017,AP,E0478940,THE VILLAGER,12/2/2016,12/2/2016,ADVERTISEMENTS,504,2016,THE VILLAGER
D000614,HON. SEAN P. DUFFY,2017Q1,OFFICIAL EXPENSES OF MEMBERS,PRINTING AND REPRODUCTION,2/14/2017,AP,E0484809,CATHOLIC HERALD,1/5/2017,1/19/2017,ADVERTISEMENTS,862.6,2017,CATHOLIC HERALD
F000465,HON. A. DREW FERGUSON IV,2017Q1,OFFICIAL EXPENSES OF MEMBERS,PRINTING AND REPRODUCTION,3/28/2017,AP,E0495202,FRANKING GRID LLC,2/8/2017,3/8/2017,ADVERTISEMENTS,7272.72,2017,FRANKING GRID LLC
F000466,HON. BRIAN K. FITZPATRICK,2017Q1,OFFICIAL EXPENSES OF MEMBERS,PRINTING AND REPRODUCTION,3/1/2017,AP,E0491507,RITACCO II PAUL A.,2/1/2017,2/18/2017,ADVERTISEMENTS,3842.75,2017,RITACCO II PAUL A.
F000466,HON. BRIAN K. FITZPATRICK,2017Q1,OFFICIAL EXPENSES OF MEMBERS,PRINTING AND REPRODUCTION,3/6/2017,AP,E0492945,RITACCO II PAUL A.,2/18/2017,2/21/2017,ADVERTISEMENTS,631.65,2017,RITACCO II PAUL A.
H001064,HON. DENNY HECK,2017Q1,OFFICIAL EXPENSES OF MEMBERS,PRINTING AND REPRODUCTION,3/22/2017,AP,E0497680,SWARNER COMMUNICATIONS,1/5/2017,1/5/2017,ADVERTISEMENTS,720,2017,SWARNER COMMUNICATIONS
H001064,HON. DENNY HECK,2017Q1,OFFICIAL EXPENSES OF MEMBERS,PRINTING AND REPRODUCTION,1/19/2017,AP,900647,CITI PCARD-FACEBK,11/29/2016,12/28/2016,ADVERTISEMENTS,1120.1,2016,CITI PCARD-FACEBK
H001071,HON. JODY B. HICE,2017Q1,OFFICIAL EXPENSES OF MEMBERS,PRINTING AND REPRODUCTION,3/22/2017,AP,E0496371,FRANKING GROUP ONLINE,12/20/2016,1/1/2017,ADVERTISEMENTS,2000,2017,FRANKING GROUP ONLINE
I000056,HON. DARRELL E. ISSA,2017Q1,OFFICIAL EXPENSES OF MEMBERS,PRINTING AND REPRODUCTION,1/19/2017,AP,E0475239,FRANKING GROUP ONLINE,12/21/2016,1/2/2017,ADVERTISEMENTS,15100,2017,FRANKING GROUP ONLINE
J000288,"HON. HENRY C. ""HANK"" JOHNSON  JR.",2017Q1,OFFICIAL EXPENSES OF MEMBERS,PRINTING AND REPRODUCTION,3/9/2017,AP,E0492971,CROSSROADS NEWS,2/18/2017,2/25/2017,ADVERTISEMENTS,1500,2017,CROSSROADS NEWS
J000288,"HON. HENRY C. ""HANK"" JOHNSON  JR.",2017Q1,OFFICIAL EXPENSES OF MEMBERS,PRINTING AND REPRODUCTION,3/30/2017,AP,E0498619,THE COVINGTON NEWS,2/1/2017,2/28/2017,ADVERTISEMENTS,520,2017,THE COVINGTON NEWS
J000288,"HON. HENRY C. ""HANK"" JOHNSON  JR.",2017Q1,OFFICIAL EXPENSES OF MEMBERS,PRINTING AND REPRODUCTION,3/30/2017,AP,E0498620,WSTR FM,2/27/2017,3/3/2017,ADVERTISEMENTS,3000,2017,WSTR FM
J000288,"HON. HENRY C. ""HANK"" JOHNSON  JR.",2017Q1,OFFICIAL EXPENSES OF MEMBERS,PRINTING AND REPRODUCTION,1/30/2017,AP,E0483523,ON COMMON GROUND NEWS,11/18/2016,12/2/2016,ADVERTISEMENTS,1500,2016,ON COMMON GROUND NEWS
K000381,HON. DEREK KILMER,2017Q1,OFFICIAL EXPENSES OF MEMBERS,PRINTING AND REPRODUCTION,2/15/2017,AP,E0487092,SMITH JONATHAN D,12/14/2016,12/19/2016,ADVERTISEMENTS,748.56,2016,SMITH JONATHAN D
K000381,HON. DEREK KILMER,2017Q1,OFFICIAL EXPENSES OF MEMBERS,PRINTING AND REPRODUCTION,2/15/2017,AP,E0487092,SMITH JONATHAN D,12/18/2016,12/23/2016,ADVERTISEMENTS,649.1,2016,SMITH JONATHAN D
L000585,HON. DARIN LAHOOD,2017Q1,OFFICIAL EXPENSES OF MEMBERS,PRINTING AND REPRODUCTION,1/19/2017,AP,900647,CITI PCARD-FACEBK,11/29/2016,12/28/2016,ADVERTISEMENTS,2858.44,2016,CITI PCARD-FACEBK
L000585,HON. DARIN LAHOOD,2017Q1,OFFICIAL EXPENSES OF MEMBERS,PRINTING AND REPRODUCTION,2/17/2017,AP,904174,CITI PCARD-TWITTER ADVERTISING,12/29/2016,1/2/2017,ADVERTISEMENTS,955.15,2017,CITI PCARD-TWITTER ADVERTISING
L000578,HON. DOUG LAMALFA,2017Q1,OFFICIAL EXPENSES OF MEMBERS,PRINTING AND REPRODUCTION,2/27/2017,AP,E0489935,FRANKING GRID LLC,2/8/2016,3/7/2016,ADVERTISEMENTS,8000,2016,FRANKING GRID LLC
L000560,HON. RICK LARSEN,2017Q1,OFFICIAL EXPENSES OF MEMBERS,PRINTING AND REPRODUCTION,3/14/2017,AP,E0494370,JOHNSTON KIMBERLY D.,12/1/2016,12/31/2016,ADVERTISEMENTS,3918.85,2016,JOHNSTON KIMBERLY D.
L000563,HON. DANIEL LIPINSKI,2017Q1,OFFICIAL EXPENSES OF MEMBERS,PRINTING AND REPRODUCTION,2/24/2017,AP,E0487058,SOUTHWEST MESSENGER NEWSPAPERS,12/29/2016,12/29/2016,ADVERTISEMENTS,547.68,2016,SOUTHWEST MESSENGER NEWSPAPERS
L000480,HON. NITA N. LOWEY,2017Q1,OFFICIAL EXPENSES OF MEMBERS,PRINTING AND REPRODUCTION,1/13/2017,AP,E0477962,PAPA KATHERINE A.,12/25/2016,12/31/2016,ADVERTISEMENTS,1500.54,2016,PAPA KATHERINE A.
M001185,HON. SEAN PATRICK MALONEY,2017Q1,OFFICIAL EXPENSES OF MEMBERS,PRINTING AND REPRODUCTION,3/21/2017,AP,912200,CITI PCARD-FACEBK,1/29/2017,2/28/2017,ADVERTISEMENTS,805.98,2017,CITI PCARD-FACEBK
M001184,HON. THOMAS MASSIE,2017Q1,OFFICIAL EXPENSES OF MEMBERS,PRINTING AND REPRODUCTION,2/17/2017,AP,904174,CITI PCARD-FACEBK,1/3/2017,1/28/2017,ADVERTISEMENTS,750.58,2017,CITI PCARD-FACEBK
M001184,HON. THOMAS MASSIE,2017Q1,OFFICIAL EXPENSES OF MEMBERS,PRINTING AND REPRODUCTION,3/21/2017,AP,912200,CITI PCARD-FACEBK,1/29/2017,2/28/2017,ADVERTISEMENTS,2650.35,2017,CITI PCARD-FACEBK
M001184,HON. THOMAS MASSIE,2017Q1,OFFICIAL EXPENSES OF MEMBERS,PRINTING AND REPRODUCTION,1/19/2017,AP,900647,CITI PCARD-FACEBK,11/29/2016,12/28/2016,ADVERTISEMENTS,5253.67,2016,CITI PCARD-FACEBK
M001184,HON. THOMAS MASSIE,2017Q1,OFFICIAL EXPENSES OF MEMBERS,PRINTING AND REPRODUCTION,2/17/2017,AP,904174,CITI PCARD-FACEBK,12/29/2016,1/2/2017,ADVERTISEMENTS,2470.19,2017,CITI PCARD-FACEBK
M001199,HON. BRIAN J. MAST,2017Q1,OFFICIAL EXPENSES OF MEMBERS,PRINTING AND REPRODUCTION,2/8/2017,AP,E0484741,STEWART BRADLEY L.,1/19/2017,1/24/2017,ADVERTISEMENTS,800,2017,STEWART BRADLEY L.
M001199,HON. BRIAN J. MAST,2017Q1,OFFICIAL EXPENSES OF MEMBERS,PRINTING AND REPRODUCTION,3/4/2017,AP,E0490095,STEWART BRADLEY L.,1/31/2017,2/12/2017,ADVERTISEMENTS,785.73,2017,STEWART BRADLEY L.
M001199,HON. BRIAN J. MAST,2017Q1,OFFICIAL EXPENSES OF MEMBERS,PRINTING AND REPRODUCTION,3/22/2017,AP,E0495794,STEWART BRADLEY L.,2/12/2017,2/28/2017,ADVERTISEMENTS,600,2017,STEWART BRADLEY L.
M001197,HON. MARTHA MCSALLY,2017Q1,OFFICIAL EXPENSES OF MEMBERS,PRINTING AND REPRODUCTION,1/10/2017,AP,897234,PTAK PATRICK J.,11/9/2016,11/17/2016,ADVERTISEMENTS,2000,2016,PTAK PATRICK J.
N000181,HON. DEVIN NUNES,2017Q1,OFFICIAL EXPENSES OF MEMBERS,PRINTING AND REPRODUCTION,3/3/2017,AP,E0492089,HOMETOWN CONNECTIONS INC,12/7/2016,12/16/2016,ADVERTISEMENTS,10221.64,2016,HOMETOWN CONNECTIONS INC
O000171,HON. TOM O'HALLERAN,2017Q1,OFFICIAL EXPENSES OF MEMBERS,PRINTING AND REPRODUCTION,2/17/2017,AP,E0487654,NORDQUIST JEREMIAH J.,1/15/2017,1/31/2017,ADVERTISEMENTS,1999.02,2017,NORDQUIST JEREMIAH J.
P000588,HON. STEVAN PEARCE,2017Q1,OFFICIAL EXPENSES OF MEMBERS,PRINTING AND REPRODUCTION,3/6/2017,AP,E0492643,OPC NEWS LLC,1/20/2017,1/20/2017,ADVERTISEMENTS,1617.4,2017,OPC NEWS LLC
P000597,HON. CHELLIE PINGREE,2017Q1,OFFICIAL EXPENSES OF MEMBERS,PRINTING AND REPRODUCTION,2/17/2017,AP,904174,CITI PCARD-FACEBK,12/29/2016,1/2/2017,ADVERTISEMENTS,650.75,2017,CITI PCARD-FACEBK
P000607,HON. MARK POCAN,2017Q1,OFFICIAL EXPENSES OF MEMBERS,PRINTING AND REPRODUCTION,1/19/2017,AP,900647,CITI PCARD-FACEBK,11/29/2016,12/28/2016,ADVERTISEMENTS,750.29,2016,CITI PCARD-FACEBK
P000607,HON. MARK POCAN,2017Q1,OFFICIAL EXPENSES OF MEMBERS,PRINTING AND REPRODUCTION,2/17/2017,AP,904174,CITI PCARD-FACEBK,12/29/2016,1/2/2017,ADVERTISEMENTS,749.71,2017,CITI PCARD-FACEBK
P000611,HON. BRUCE POLIQUIN,2017Q1,OFFICIAL EXPENSES OF MEMBERS,PRINTING AND REPRODUCTION,3/24/2017,AP,912423,HUTSON MATTHEW C.,12/20/2015,1/2/2016,ADVERTISEMENTS,3151.26,2016,HUTSON MATTHEW C.
P000599,HON. BILL POSEY,2017Q1,OFFICIAL EXPENSES OF MEMBERS,PRINTING AND REPRODUCTION,3/22/2017,AP,E0496699,BLUEWATER CREATIVE GROUP INC,1/25/2017,1/25/2017,ADVERTISEMENTS,1600,2017,BLUEWATER CREATIVE GROUP INC
Q000023,HON. MIKE QUIGLEY,2017Q1,OFFICIAL EXPENSES OF MEMBERS,PRINTING AND REPRODUCTION,2/17/2017,AP,904174,CITI PCARD-FACEBK,1/3/2017,1/28/2017,ADVERTISEMENTS,750.27,2017,CITI PCARD-FACEBK
Q000023,HON. MIKE QUIGLEY,2017Q1,OFFICIAL EXPENSES OF MEMBERS,PRINTING AND REPRODUCTION,2/17/2017,AP,904174,CITI PCARD-FACEBK,12/29/2016,1/2/2017,ADVERTISEMENTS,610.46,2017,CITI PCARD-FACEBK
R000601,HON. JOHN RATCLIFFE,2017Q1,OFFICIAL EXPENSES OF MEMBERS,PRINTING AND REPRODUCTION,1/17/2017,AP,E0478347,KROESE DANIEL G.,12/17/2016,12/26/2016,ADVERTISEMENTS,4501.64,2016,KROESE DANIEL G.
R000601,HON. JOHN RATCLIFFE,2017Q1,OFFICIAL EXPENSES OF MEMBERS,PRINTING AND REPRODUCTION,1/19/2017,AP,900647,CITI PCARD-FACEBK,11/29/2016,12/28/2016,ADVERTISEMENTS,9632.32,2016,CITI PCARD-FACEBK
R000597,HON. TOM RICE,2017Q1,OFFICIAL EXPENSES OF MEMBERS,PRINTING AND REPRODUCTION,3/21/2017,AP,912200,CITI PCARD-FACEBK,1/29/2017,2/28/2017,ADVERTISEMENTS,599.73,2017,CITI PCARD-FACEBK
R000592,HON. TODD ROKITA,2017Q1,OFFICIAL EXPENSES OF MEMBERS,PRINTING AND REPRODUCTION,1/26/2017,AP,E0474823,NEBO MEDIA INC,12/9/2016,12/17/2016,ADVERTISEMENTS,33255.18,2016,NEBO MEDIA INC
R000599,HON. RAUL RUIZ,2017Q1,OFFICIAL EXPENSES OF MEMBERS,PRINTING AND REPRODUCTION,2/17/2017,AP,904174,CITI PCARD-SIGN-A-RAMA,1/3/2017,1/28/2017,ADVERTISEMENTS,1881.8,2017,CITI PCARD-SIGN-A-RAMA
S001177,HON. GREGORIO SABLAN,2017Q1,OFFICIAL EXPENSES OF MEMBERS,PRINTING AND REPRODUCTION,3/28/2017,AP,E0500207,MARIANAS VARIETY,2/10/2017,2/22/2017,ADVERTISEMENTS,1600,2017,MARIANAS VARIETY
S001177,HON. GREGORIO SABLAN,2017Q1,OFFICIAL EXPENSES OF MEMBERS,PRINTING AND REPRODUCTION,3/29/2017,AP,E0500208,SAIPAN TRIBUNE,2/17/2017,2/22/2017,ADVERTISEMENTS,1215,2017,SAIPAN TRIBUNE
S001177,HON. GREGORIO SABLAN,2017Q1,OFFICIAL EXPENSES OF MEMBERS,PRINTING AND REPRODUCTION,1/30/2017,AP,E0481846,MARIANAS VARIETY,12/2/2016,12/6/2016,ADVERTISEMENTS,668.36,2016,MARIANAS VARIETY
S001177,HON. GREGORIO SABLAN,2017Q1,OFFICIAL EXPENSES OF MEMBERS,PRINTING AND REPRODUCTION,3/14/2017,AP,E0495525,SAIPAN TRIBUNE,11/18/2016,11/29/2016,ADVERTISEMENTS,1215,2016,SAIPAN TRIBUNE
S001177,HON. GREGORIO SABLAN,2017Q1,OFFICIAL EXPENSES OF MEMBERS,PRINTING AND REPRODUCTION,3/14/2017,AP,E0495526,MARIANAS VARIETY,11/16/2016,11/22/2016,ADVERTISEMENTS,668.35,2016,MARIANAS VARIETY
S001177,HON. GREGORIO SABLAN,2017Q1,OFFICIAL EXPENSES OF MEMBERS,PRINTING AND REPRODUCTION,3/14/2017,AP,E0495528,DIOCESE OF CHALAN KANOA,11/20/2016,11/27/2016,ADVERTISEMENTS,510,2016,DIOCESE OF CHALAN KANOA
S000051,HON. MARK SANFORD,2017Q1,OFFICIAL EXPENSES OF MEMBERS,PRINTING AND REPRODUCTION,1/17/2017,AP,E0477922,SMITH JARED B.,8/13/2016,12/29/2016,ADVERTISEMENTS,10000.15,2016,SMITH JARED B.
S001185,HON. TERRI A. SEWELL,2017Q1,OFFICIAL EXPENSES OF MEMBERS,PRINTING AND REPRODUCTION,3/10/2017,AP,E0494045,COCA-COLA BOTTLING COMPANY UNITED INC,8/1/2016,8/10/2016,ADVERTISEMENTS,1470,2016,COCA-COLA BOTTLING COMPANY UNITED INC
S000510,HON. ADAM SMITH,2017Q1,OFFICIAL EXPENSES OF MEMBERS,PRINTING AND REPRODUCTION,2/3/2017,AP,E0480966,SOUND PUBLISHING INC,12/20/2016,12/30/2016,ADVERTISEMENTS,2250,2016,SOUND PUBLISHING INC
T000468,HON. DINA TITUS,2017Q1,OFFICIAL EXPENSES OF MEMBERS,PRINTING AND REPRODUCTION,1/26/2017,AP,E0481445,GERTSEMA JAY,12/21/2016,12/31/2016,ADVERTISEMENTS,500.09,2016,GERTSEMA JAY
W000820,HON. MIMI WALTERS,2017Q1,OFFICIAL EXPENSES OF MEMBERS,PRINTING AND REPRODUCTION,2/3/2017,AP,901847,ENGAGE LLC,12/1/2016,12/31/2016,ADVERTISEMENTS,10922.25,2016,ENGAGE LLC
W000815,HON. BRAD R. WENSTRUP,2017Q1,OFFICIAL EXPENSES OF MEMBERS,PRINTING AND REPRODUCTION,2/16/2017,AP,E0485877,RITACCO II PAUL A.,1/19/2017,1/31/2017,ADVERTISEMENTS,658.46,2017,RITACCO II PAUL A.
,VETERANS' AFFAIRS,2017Q1,GENERAL EXPENDITURES,PRINTING AND REPRODUCTION,1/19/2017,AP,900647,CITI PCARD-FACEBK,11/29/2016,12/28/2016,ADVERTISEMENTS,1577.8,2016,CITI PCARD-FACEBK
